,field.header.stamp,data,angle,type
0,1627577639974094629,1.2004362291519906,1.0456559660775928,pos
1,1627577640829720497,0.9954194945556135,1.3506445360192816,pos
2,1627577642146689415,0.9386722751911958,1.5730860711341264,pos
3,1627577642146689415,0.9592655171340289,1.5489772200924465,pos
4,1627577646421334028,1.175318490968847,1.5731403067277003,pos
5,1627577648482391119,1.138058572633975,1.3419807943498274,pos
6,1627577648482391119,1.1072964842561361,1.6040633416010428,pos
7,1627577648482391119,1.120207050188264,1.3124988253285315,pos
8,1627577648482391119,0.9588262909300791,1.4529381970183195,pos
9,1627577648482391119,1.1504793185667113,1.336135231763589,pos
10,1627577648482391119,0.9275099457715502,1.4330255482444874,pos
11,1627577648482391119,1.1085255174143043,1.4994859802689977,pos
12,1627577648482391119,1.1324326936996845,1.4293678245281316,pos
13,1627577648482391119,1.0752610282060053,1.3143263860169911,pos
14,1627577648482391119,1.1558213900231913,1.4634328363509754,pos
15,1627577648482391119,1.1383599593705296,1.5018330412003447,pos
16,1627577648482391119,1.155629945272846,1.3950695016216756,pos
17,1627577648482391119,1.2469461194931442,1.3862790613378904,pos
18,1627577648482391119,1.1718189410653155,1.6185226430154784,pos
19,1627577648482391119,1.1467635587148926,1.463971972919337,pos
20,1627577648482391119,1.2181084454634652,1.3733402819848621,pos
21,1627577648482391119,1.12686925379555,1.370384726429496,pos
22,1627577648482391119,1.1486145730135504,1.368274752243692,pos
23,1627577648482391119,1.1082450487341624,1.4520334406319184,pos
24,1627577648482391119,1.0516845768311849,1.4778225077533371,pos
25,1627577648482391119,1.0872147438044537,1.6472779670725042,pos
26,1627577648482391119,1.1170925851118478,1.6036222218611043,pos
27,1627577648482391119,1.244498266028619,1.4783571261884705,pos
28,1627577648482391119,1.177601304782134,1.6022541733801443,pos
29,1627577650076752901,0.9458077939206978,1.7521952940697545,pos
30,1627577650076752901,0.9012767011586675,1.6396929793046298,pos
31,1627577650076752901,1.1134295748013698,1.9619856690950035,pos
32,1627577650076752901,0.904252283555617,1.6806011341582223,pos
33,1627577650076752901,0.8736053045998969,1.6974242898344976,pos
34,1627577650076752901,0.9657642627024039,1.7149673513088715,pos
35,1627577650076752901,0.9272625146199023,1.784867303171847,pos
36,1627577650076752901,1.0995189931626066,1.9532421493074024,pos
37,1627577650076752901,1.0658224070535958,1.8352980620818273,pos
38,1627577650076752901,1.063728223305351,1.8526228748969065,pos
39,1627577650076752901,1.069708952932405,1.8001889315014277,pos
40,1627577650076752901,0.9589710077423781,1.804248397772628,pos
41,1627577650076752901,1.0366812229673164,1.6741579666631556,pos
42,1627577650076752901,1.0624037420173336,1.59001990469189,pos
43,1627577650076752901,0.9807791798019909,1.7481612163637568,pos
44,1627577650076752901,1.0760145742500515,1.8383147818867973,pos
45,1627577650076752901,1.0398438826239982,1.8303176635704588,pos
46,1627577651105389833,1.0954817730855717,1.6924471521500566,pos
47,1627577651105389833,0.8195781754737334,1.6592363302898536,pos
48,1627577651105389833,0.9052329751292275,1.8883734106437033,pos
49,1627577653849842548,0.7737334534170989,1.3593838841816344,pos
50,1627577657146637201,0.88127403663546,1.8236501315903169,pos
51,1627577657146637201,0.8725643232504391,1.8003090002461823,pos
52,1627577657146637201,0.8534367749579775,1.6148954142629435,pos
53,1627577657146637201,0.8678154796297997,1.7419112007424937,pos
54,1627577657146637201,0.9447390518671199,1.7560162653032099,pos
55,1627577657146637201,0.8659197502293828,1.2761628874706146,pos
56,1627577657146637201,0.9384192966401514,1.6108112796303131,pos
57,1627577657146637201,0.9706172904508791,1.7066653114909418,pos
58,1627577657717026234,0.8875749608682253,1.455806623037781,pos
59,1627577659908987761,1.1106989449126476,1.821019842504176,pos
60,1627577663274976969,1.2961911274209479,1.7108281102792724,pos
61,1627577663274976969,1.3798676672290733,1.8301009363579501,pos
62,1627577665983256817,1.0197329084075988,1.8458214656763234,pos
63,1627577667646558285,1.1978560749239808,1.6585052476165543,pos
64,1627577668228200197,1.0443112833159907,1.8878120941376428,pos
65,1627577668228200197,1.0118954969117733,1.8787984111470357,pos
66,1627577668228200197,0.996585569353183,1.8683946274149266,pos
67,1627577668228200197,0.9777207399694791,1.8316234555924291,pos
68,1627577668228200197,1.0080800546143862,1.9218954345048478,pos
69,1627577668228200197,0.9595919200607129,1.878679980066279,pos
70,1627577668726138592,1.0504394092789,1.7391405445548138,pos
71,1627577668726138592,1.1388860318608118,1.721404842880489,pos
72,1627577668726138592,1.1274172337292432,1.7231011855377922,pos
73,1627577668726138592,1.0779244036019346,1.7361000309360939,pos
74,1627577668726138592,1.0779244036019346,1.7361000309360939,pos
75,1627577670347836971,1.0237287138307534,1.720633748882778,pos
76,1627577670347836971,0.979783198558139,1.7479231894745078,pos
77,1627577670347836971,0.9845398092176207,1.931850766064806,pos
78,1627577670347836971,0.9359822011364758,1.8451672956543461,pos
79,1627577670347836971,0.918311183646997,2.0476478719940054,pos
80,1627577670347836971,0.9400416099045067,1.8143868395162839,pos
81,1627577670347836971,1.0534747378142804,1.7219701478926366,pos
82,1627577670347836971,0.8908212744725038,2.087061996613791,pos
83,1627577670347836971,0.9568358564984177,2.0144963426327163,pos
84,1627577670347836971,1.024224453032178,2.1093657991677706,pos
85,1627577670347836971,0.9417601957367454,1.912303882177644,pos
86,1627577671403447866,1.3525818976659654,1.8921933318365824,pos
87,1627577671403447866,1.1877606231750213,2.0038119582847878,pos
88,1627577671403447866,1.2057863839075722,1.9834776319745486,pos
89,1627577671403447866,1.1326062161867236,2.0653362296071944,pos
90,1627577671882724047,1.1521321669385591,1.9562885861369101,pos
91,1627577671882724047,1.4514836132592275,2.1112924479490363,pos
92,1627577671882724047,1.0794846209838076,1.8614197971045314,pos
93,1627577671882724047,1.2113487928933184,1.8891069518510073,pos
94,1627577671882724047,0.9122712589544308,1.8692637964969396,pos
95,1627577671882724047,1.2426405759109465,1.9841309237509221,pos
96,1627577672418549299,1.1484316445044571,1.7843207522271245,pos
97,1627577672418549299,1.0182469633518505,1.6345304773289477,pos
98,1627577672418549299,1.1263138838788262,1.8006493212721923,pos
99,1627577672418549299,1.041431526350584,1.6236802264303962,pos
100,1627577672418549299,1.169965340931918,1.8429184077826612,pos
101,1627577672418549299,1.1451013889179682,1.9449828937804012,pos
102,1627577672418549299,1.17832237519686,1.8642442818892615,pos
103,1627577672418549299,1.0105825826924677,1.606865379764223,pos
104,1627577672418549299,0.9756904332939422,1.5698992481992275,pos
105,1627577672418549299,1.1883718253196134,1.8777912618454153,pos
106,1627577673444638014,1.1547045387202446,1.9471855479160536,pos
107,1627577673444638014,1.0214769621001785,1.8252587018506832,pos
108,1627577673444638014,1.1201739113504667,1.9607220213051686,pos
109,1627577673444638014,1.1606564543301319,1.97749587834134,pos
110,1627577673444638014,1.1847432293960913,1.9645772301676725,pos
111,1627577673444638014,1.1742324253442333,1.8432178257022453,pos
112,1627577673444638014,1.1826400519748381,1.8629486845488943,pos
113,1627577673444638014,1.267074369863739,1.945925338955222,pos
114,1627577673444638014,0.9124456454550178,1.6918739548905244,pos
115,1627577673444638014,1.0547021176154026,1.7911501559232426,pos
116,1627577673982540369,1.2266305768048082,1.9048360057083422,pos
117,1627577673982540369,1.4472719045256317,2.0906891669474437,pos
118,1627577673982540369,1.3158641143394114,1.920078357070842,pos
119,1627577673982540369,1.3166458663714906,1.983352677020632,pos
120,1627577673982540369,1.1326334397168698,2.071780444157775,pos
121,1627577673982540369,1.1326334397168698,2.071780444157775,pos
122,1627577673982540369,1.1434522669288725,1.6877574152380177,pos
123,1627577673982540369,1.126687690521551,1.6471162187330906,pos
124,1627577673982540369,1.1356456091203706,1.7863940773852172,pos
125,1627577673982540369,1.1982256740313268,1.812728078882467,pos
126,1627577673982540369,1.1218387435601236,1.7912473776944788,pos
127,1627577673982540369,1.180037050437426,1.7160174770404892,pos
128,1627577673982540369,1.2442796333206632,1.8323113550609913,pos
129,1627577674514431953,0.9854616809001504,1.608947525322421,pos
130,1627577674514431953,1.253184957090014,1.987108488630751,pos
131,1627577674514431953,1.2480992728028735,1.9430374721677617,pos
132,1627577674514431953,0.8554557915111407,1.5754781285495316,pos
133,1627577674514431953,1.1224650010624133,1.2624110209174548,pos
134,1627577674514431953,0.9349178197310745,1.5896240038700193,pos
135,1627577674514431953,1.0897502365374006,1.6491335893493453,pos
136,1627577674514431953,1.1135212485388102,1.3940586195359033,pos
137,1627577674514431953,1.0778928116508777,1.428902410909778,pos
138,1627577674514431953,0.9970397952167627,1.5710575448656336,pos
139,1627577674514431953,1.0052570704054338,1.8194609166686,pos
140,1627577674979679585,0.9801528908512959,1.726470080764975,pos
141,1627577674979679585,1.0715232619258077,1.7730808952255672,pos
142,1627577674979679585,0.9002995787991286,1.7822474270550182,pos
143,1627577674979679585,0.9506685620755699,1.6348014204128423,pos
144,1627577674979679585,1.2056546648005093,1.852223834157153,pos
145,1627577674979679585,1.0590829810752207,2.1164272230755463,pos
146,1627577674979679585,1.0262844219845018,1.6408561686611882,pos
147,1627577674979679585,0.9442658012204772,1.5267477441152377,pos
148,1627577674979679585,0.9438524347930644,1.5781843487226062,pos
149,1627577674979679585,1.0152559015156577,1.6888066913450843,pos
150,1627577674979679585,1.025205721957675,1.6539310211327383,pos
151,1627577674979679585,1.0641321048963304,1.7245497931301508,pos
152,1627577674979679585,0.9888452953265624,1.5759129759698087,pos
153,1627577674979679585,1.0703344221612667,1.6867744809797287,pos
154,1627577675520638943,1.2324905428024742,1.9500241331301797,pos
155,1627577675520638943,1.283425864596643,2.0163901622328675,pos
156,1627577675520638943,1.1494720961624136,2.045416631483813,pos
157,1627577675520638943,1.1578308224505356,1.9364271545169622,pos
158,1627577675520638943,0.8171874397253952,1.6296313832701395,pos
159,1627577675520638943,0.9475155170722784,1.6555088399585773,pos
160,1627577675520638943,1.0077819932369356,1.6634596800704953,pos
161,1627577675520638943,1.07782414570259,1.767922903442759,pos
162,1627577675520638943,1.149188076711444,1.9359395945820492,pos
163,1627577675520638943,1.1344609575529303,1.927815353675904,pos
164,1627577675520638943,1.179454536657058,1.7970117522390392,pos
165,1627577675520638943,1.4270418608360127,1.8323309226360347,pos
166,1627577676023362160,0.9564265191845648,1.8165559493358627,pos
167,1627577676023362160,0.4933081015460995,1.319884898647004,pos
168,1627577676023362160,1.2975067807749865,1.9968565026826028,pos
169,1627577676023362160,1.3446090981129797,2.0041307115788545,pos
170,1627577676023362160,1.2801064837622593,1.9918216253744592,pos
171,1627577677050940037,0.907410305050915,2.1345937285159646,pos
172,1627577677543439627,0.7539840578728148,1.7668123072404944,pos
173,1627577677543439627,0.9170740395217997,1.3198435978648269,pos
174,1627577678122867346,0.9651327539967051,1.5598685973948947,pos
175,1627577678627381563,0.8110602551365212,1.9660736037300708,pos
176,1627577680230518103,1.0067080273092412,1.5587061342265232,pos
177,1627577680688939810,0.9984294838507971,1.593474926829441,pos
178,1627577680688939810,1.0408405029655303,1.5037384191324576,pos
179,1627577681187911034,0.9607567844475055,1.6665842189824633,pos
180,1627577681187911034,0.9021382570551487,1.774025628265196,pos
181,1627577681187911034,1.0437780453247503,1.6698590871571144,pos
182,1627577681187911034,0.906517669482684,1.6811520803947289,pos
183,1627577681187911034,0.8211620427038986,1.7051280367136175,pos
184,1627577681187911034,0.8281348198782964,1.7603100945284644,pos
185,1627577684350251436,1.0926386565157715,1.660058869545541,pos
186,1627577684350251436,1.1172257817087117,1.6394165529550613,pos
187,1627577684350251436,1.2229503685979908,1.6997969362598202,pos
188,1627577684839790583,0.9972121425704578,1.734873611270935,pos
189,1627577684839790583,1.4385151272810015,0.9607040204273505,pos
190,1627577684839790583,0.9813919879097232,1.7983424994432449,pos
191,1627577685335514069,1.3039121441477641,1.6597591505191895,pos
192,1627577685335514069,1.2401633902995828,1.6826398697466463,pos
193,1627577685335514069,1.1274626603744273,1.7794872108049242,pos
194,1627577685335514069,1.3039121441477641,1.6597591505191895,pos
195,1627577685896739483,0.9417407921954469,1.6486711204067654,pos
196,1627577685896739483,0.892028793076568,1.5942173852526405,pos
197,1627577685896739483,0.9208806143934086,1.594712691050162,pos
198,1627577686387569427,1.0055832751823057,1.4651905257258562,pos
199,1627577686921490192,0.8820863304593671,1.8152313336014112,pos
200,1627577686921490192,1.0649417372946208,1.7050511745274317,pos
201,1627577687439644814,0.8402198301080575,1.740356230853402,pos
202,1627577687439644814,0.9230678268085226,1.6287826399636414,pos
203,1627577690905478477,1.1549366347089915,1.3356380342458716,pos
204,1627577691990665436,0.9268964866919892,1.4903216983551184,pos
205,1627577691990665436,0.8752184561962691,1.7071252694783026,pos
206,1627577691990665436,1.146384714040545,1.1849435049047716,pos
207,1627577692924109697,0.8209013995232198,1.7606856066964907,pos
208,1627577692924109697,0.9723706524855821,1.6092789716382532,pos
209,1627577696886107445,0.870533762983437,1.6147798464652023,pos
210,1627577696886107445,0.8881164990836643,1.721669916517743,pos
211,1627577696886107445,0.8984146697059838,1.3331494311637901,pos
212,1627577696886107445,0.9650995489436175,1.627959481627504,pos
213,1627577696886107445,0.9121411573964647,1.2194769901897733,pos
214,1627577697369593859,0.9998155390438528,1.8233457722863675,pos
215,1627577697369593859,0.8872198801627763,1.7391585897529525,pos
216,1627577697369593859,1.1172139776166472,1.9089897524851682,pos
217,1627577697895501137,1.4951966343876875,1.7749593992523331,pos
218,1627577700787817001,1.0601622908491046,2.009850086535125,pos
219,1627577700787817001,0.9987880079955809,1.8247496670677403,pos
220,1627577701789039612,0.8427581908946512,1.329478495479774,pos
221,1627577703269228935,0.7618528273209202,1.8451656212314513,pos
222,1627577703269228935,0.8706903254053516,2.116359126801409,pos
223,1627577703269228935,0.7760251844235281,1.8585207280004175,pos
224,1627577703269228935,0.8025027303758072,1.8398844887525354,pos
225,1627577703269228935,0.7559274210231501,1.5860922580449524,pos
226,1627577703269228935,0.8117419486938642,1.9486873916454601,pos
227,1627577703269228935,0.9658401539110403,1.9635080878628755,pos
228,1627577703269228935,0.8047351269156118,1.9126992516228398,pos
229,1627577703269228935,0.8229757363748896,1.9994091287903604,pos
230,1627577703269228935,0.7620553880699872,1.7177441563217768,pos
231,1627577703269228935,0.7643373281217976,1.8408366577404784,pos
232,1627577703269228935,0.7823922887917917,1.865334667657869,pos
233,1627577703269228935,0.7834283170389276,1.762070493105541,pos
234,1627577703269228935,0.7815065895350686,1.8083555819131514,pos
235,1627577703269228935,0.7679355629398557,1.6584123205094194,pos
236,1627577703269228935,0.7618050784058236,1.3384813017251929,pos
237,1627577705194962263,0.8056902428296085,1.4791630557970714,pos
238,1627577705194962263,0.9626267868998136,1.783914796858587,pos
239,1627577705194962263,0.8426910842030858,1.6689404731858863,pos
240,1627577705194962263,0.8473679841536014,1.5427642758479492,pos
241,1627577705194962263,0.6945548145779974,1.3464093197134772,pos
242,1627577705194962263,1.029883780374669,1.4031697881612728,pos
243,1627577705194962263,1.1092247388406913,1.882363069159539,pos
244,1627577705194962263,0.8460976021803902,1.5816139130016027,pos
245,1627577705194962263,0.8766861668890449,1.7357586040967639,pos
246,1627577705194962263,0.967575538804959,1.9180501761418436,pos
247,1627577705194962263,0.9393002122573045,1.9230255064143524,pos
248,1627577705194962263,0.8999409097532632,1.8926984645196958,pos
249,1627577705194962263,0.9424939163782993,1.8376743679561254,pos
250,1627577705194962263,0.8579148594305372,1.8077160784911768,pos
251,1627577705194962263,0.8146618194914168,1.563652125123611,pos
252,1627577705194962263,0.8822622482650974,1.703751880248034,pos
253,1627577705194962263,0.9095782371639842,1.807480106795088,pos
254,1627577705706024647,1.0099240732434016,2.04048507579516,pos
255,1627577705706024647,1.6739720313980575,2.172374530272361,pos
256,1627577706281323671,0.896040467610915,1.8040271650712323,pos
257,1627577706281323671,1.1416108946847017,1.7729901484604924,pos
258,1627577709410956383,0.9481433820990568,1.2899037571076615,pos
259,1627577709929715633,0.9760260930894094,1.6464372481265606,pos
260,1627577712596053839,0.8926630747347902,1.6907191711098108,pos
261,1627577713291337490,0.9166799255076199,1.4763085211391738,pos
262,1627577714344482899,1.0300343321952985,2.170913981408675,pos
263,1627577716384115934,0.7893709155175187,1.6890971090866367,pos
264,1627577754507850647,1.2638948931179765,1.6573341972068267,pos
265,1627577838346004248,0.5422025267957581,1.5863601964293779,pos
266,1627577838346004248,0.6366908452302069,1.868527792484576,pos
267,1627577838346004248,0.5397422720693902,2.0531772764589964,pos
268,1627577838346004248,0.534200471084589,1.8861877668560438,pos
269,1627577838346004248,0.5381844333029661,1.606417471622334,pos
270,1627577838346004248,0.5907690634986439,1.9199237521527714,pos
271,1627577838346004248,0.5257251456338093,1.8004044766689604,pos
272,1627577838346004248,0.5514001560459423,1.0095119017107261,pos
273,1627577838346004248,0.6069852315016762,1.4542217154317882,pos
274,1627577838346004248,0.9645108058171659,1.2997757146230853,pos
275,1627577838346004248,0.68569182137533,1.4216422105340636,pos
276,1627577838346004248,0.6869579222185913,1.4264695090972566,pos
277,1627577838346004248,0.43030851934060144,1.697612702360683,pos
278,1627577838346004248,0.6571562476017141,1.8563449972078798,pos
279,1627577838346004248,0.5370031676186517,1.860192660394424,pos
280,1627577839272243738,1.2317047735201252,2.0540683555903017,pos
281,1627577839272243738,1.2865142924578092,2.067711003052381,pos
282,1627577839272243738,1.1360177112368177,1.9574623775799573,pos
283,1627577839272243738,1.144854485716559,1.9429560309301168,pos
284,1627577839272243738,0.994782484072735,1.765342905043461,pos
285,1627577839272243738,0.9769940528288622,1.7565235498345437,pos
286,1627577839272243738,1.1705231370606695,1.9735449156748552,pos
287,1627577839272243738,1.313764001997833,2.0588858944303654,pos
288,1627577839272243738,1.2367101019116356,2.064668822613014,pos
289,1627577839272243738,1.1290726348469577,1.9147759142733713,pos
290,1627577839272243738,1.073572508407473,1.8509837864963805,pos
291,1627577839717763662,1.2766838987920255,1.7687892860487109,pos
292,1627577839717763662,1.2790882056799966,1.7431809127148352,pos
293,1627577839717763662,1.3494076780461213,1.870720427418955,pos
294,1627577839717763662,1.242964272140863,1.7715569471086243,pos
295,1627577839717763662,1.2722541831787197,1.7641438613513065,pos
296,1627577839717763662,1.2352350230518097,1.858120607436264,pos
297,1627577839717763662,1.3659819281194825,1.9766222884580782,pos
298,1627577839717763662,1.2603218242308407,1.834136280243441,pos
299,1627577839717763662,1.2031453935716376,1.8342773106209385,pos
300,1627577839717763662,1.3224615715763677,1.8283824087130418,pos
301,1627577839717763662,1.1951098207303235,1.8458747943084108,pos
302,1627577839717763662,1.3167488000938214,1.6984163113015758,pos
303,1627577839717763662,1.0434513019184768,1.8737437469274019,pos
304,1627577840603411198,1.2963507598154669,2.07615216466079,pos
305,1627577842456504345,0.9367059649222977,1.5487436238208767,pos
306,1627577842456504345,1.0741293074043228,1.3538524790169997,pos
307,1627577842456504345,0.9492635914950196,1.5718874695253635,pos
308,1627577842456504345,0.9848044484974403,1.4101266139880393,pos
309,1627577842456504345,1.1896825093529697,1.2948418758445341,pos
310,1627577842456504345,1.1896825093529697,1.2948418758445341,pos
311,1627577842456504345,1.1381859757165163,1.3583104636298453,pos
312,1627577842456504345,1.0576186280062965,1.3749063078241435,pos
313,1627577842456504345,1.0855389452244886,1.3716014612031062,pos
314,1627577842456504345,1.2059741791806988,1.3115334112166925,pos
315,1627577842456504345,1.1960601835102258,1.1980571114061853,pos
316,1627577842456504345,1.585339845669919,1.0448166040701174,pos
317,1627577842456504345,0.9176158516388856,1.7434158588980437,pos
318,1627577842456504345,1.098549978485627,1.320689866922149,pos
319,1627577842456504345,0.9626399815019373,1.6261897421031273,pos
320,1627577842456504345,0.9889508276797215,1.5201650536234468,pos
321,1627577842456504345,0.8825533703775494,1.6625775579948434,pos
322,1627577842896506548,1.0887564530303646,1.7501740661558676,pos
323,1627577842896506548,1.3272671212275429,1.862256029811875,pos
324,1627577842896506548,1.1149242956098733,1.6440204635546218,pos
325,1627577842896506548,1.2962974842356794,1.805939744594115,pos
326,1627577842896506548,1.2488064616646761,1.7017113791721206,pos
327,1627577842896506548,1.3056089302576788,1.7474134297537345,pos
328,1627577842896506548,1.081565078131555,1.70758707718112,pos
329,1627577842896506548,1.3394702753097274,1.8201923044796982,pos
330,1627577842896506548,1.2582513494917686,1.7771202476359078,pos
331,1627577842896506548,1.3010369991940414,1.7903427793144495,pos
332,1627577842896506548,1.3097878692589542,1.8640839413334669,pos
333,1627577842896506548,1.2773440873710815,1.8618831173244685,pos
334,1627577842896506548,1.1175996541288618,1.6189397979937545,pos
335,1627577842896506548,1.2673360113145586,1.5673037672680494,pos
336,1627577843347803593,1.0568289272103053,1.542177381836297,pos
337,1627577843347803593,1.0241604983819463,1.5561391370243554,pos
338,1627577843347803593,0.870425749089736,1.2291910460469955,pos
339,1627577843347803593,1.3247397454833771,1.670162714577385,pos
340,1627577843347803593,0.9086060099545535,1.4453792590955272,pos
341,1627577843347803593,1.074291471051164,1.4189230854155281,pos
342,1627577843347803593,1.4172638943321654,1.6563996988767045,pos
343,1627577843347803593,1.0912741199002773,1.79270000127536,pos
344,1627577843347803593,1.1605069096319907,1.7128164079614305,pos
345,1627577843347803593,1.061664354425117,1.6599210632584254,pos
346,1627577843347803593,0.9012601647535539,1.3900797279899335,pos
347,1627577843814475060,0.9641848341444207,1.6485780732122273,pos
348,1627577843814475060,1.0510779809844653,1.6540504040415922,pos
349,1627577843814475060,1.1046740004050155,1.5905230089967946,pos
350,1627577843814475060,1.0510779809844653,1.6540504040415922,pos
351,1627577843814475060,1.0721798667729643,1.7704045732109974,pos
352,1627577843814475060,0.9831990678908222,1.6272648583951785,pos
353,1627577843814475060,1.093575449767743,1.7570342508880372,pos
354,1627577843814475060,1.1603584440588763,1.5937945050007898,pos
355,1627577843814475060,1.2319680088000298,1.5476475927875442,pos
356,1627577843814475060,1.1018950349968126,1.6044888656535998,pos
357,1627577843814475060,1.0437421989572848,1.7469423334741063,pos
358,1627577843814475060,1.0695552215968915,1.6019488586598989,pos
359,1627577843814475060,1.0956234349418816,1.7378064937448368,pos
360,1627577843814475060,1.1540783727485706,1.6742592089026962,pos
361,1627577843814475060,1.0274800742423624,1.7617898116934807,pos
362,1627577843814475060,1.0090459642580705,1.8023456557957884,pos
363,1627577843814475060,1.0090459642580705,1.8023456557957884,pos
364,1627577844283930063,0.8785260681049656,1.5670158891896693,pos
365,1627577844283930063,0.8426868320177995,1.4932471661746323,pos
366,1627577844797994137,1.0422909099218722,1.7992948256978574,pos
367,1627577847520622253,1.428513360026161,2.0781382149202305,pos
368,1627577847520622253,1.4340266413881493,2.080926726116331,pos
369,1627577847520622253,1.3341690990159012,2.053607553950931,pos
370,1627577847520622253,1.428513360026161,2.0781382149202305,pos
371,1627577847520622253,1.294257033017999,2.035959172097535,pos
372,1627577847520622253,1.2825026470972771,2.019939520696288,pos
373,1627577847520622253,1.3523267405281272,2.0614927691938343,pos
374,1627577847520622253,1.0369181387583672,2.02167508408713,pos
375,1627577850282713890,1.0036289376240917,1.2110673729450405,pos
376,1627577851191690445,0.8752561822328165,1.8727503569656667,pos
377,1627577851191690445,0.8514367030895459,1.9085309152466219,pos
378,1627577851191690445,0.7150243021365039,1.7866941005844015,pos
379,1627577851191690445,0.9691331260643542,1.6100160723378873,pos
380,1627577851191690445,0.5895589716994748,1.2919683135265188,pos
381,1627577851191690445,0.7780395007662394,1.710080250504335,pos
382,1627577851191690445,1.1118345997407815,1.4181838097554667,pos
383,1627577851667355776,1.0935612533101853,1.3970739523396198,pos
384,1627577851667355776,1.0935612533101853,1.3970739523396198,pos
385,1627577852121326685,1.241189119271775,2.0510394614645264,pos
386,1627577852121326685,1.2414103271796424,1.7192234302665732,pos
387,1627577852121326685,1.2780091286882718,1.9487694738946304,pos
388,1627577852559283733,1.1589192035420193,1.3396708345553785,pos
389,1627577852559283733,1.072311851698246,1.3466564856467063,pos
390,1627577852559283733,1.349616257196008,1.511310737871817,pos
391,1627577852559283733,1.3426937375748427,1.5723596050394557,pos
392,1627577852559283733,1.1260932413855478,1.4283435107739908,pos
393,1627577852559283733,1.3097524906224578,1.6053312832715132,pos
394,1627577852559283733,1.0535723330613775,1.4638110049243942,pos
395,1627577852559283733,1.1105630687058996,1.4993925239118169,pos
396,1627577852559283733,0.9963913931609097,1.6088963507057323,pos
397,1627577852559283733,0.9203361995750353,1.4542121217177835,pos
398,1627577852559283733,1.1114733974157622,1.6407651802323766,pos
399,1627577852559283733,0.9945313027764879,1.7075385397757008,pos
400,1627577852559283733,0.8030308859549102,1.555850571212133,pos
401,1627577852559283733,1.0850448493583407,1.6964390960385909,pos
402,1627577852559283733,1.0336474780390235,1.7526789029030605,pos
403,1627577852559283733,1.2088492236449189,1.6180004092091422,pos
404,1627577852559283733,0.9995574120238129,2.0342753906945052,pos
405,1627577852559283733,1.249323490787834,1.6759193493674733,pos
406,1627577852559283733,1.188339179262267,1.8404483798759799,pos
407,1627577852559283733,1.201536935703767,1.6912404391922347,pos
408,1627577852559283733,1.2385708177972485,1.6226378727770794,pos
409,1627577853956564665,1.038759197238885,1.724480891855675,pos
410,1627577853956564665,1.0589677013888188,1.7324239921261324,pos
411,1627577853956564665,1.040531348451711,1.7373137052643608,pos
412,1627577853956564665,1.1104279870787002,1.8353412028285891,pos
413,1627577853956564665,1.0509480602560404,1.6928777465181324,pos
414,1627577853956564665,1.1486198150229605,1.6345900766104395,pos
415,1627577853956564665,1.0397436137155989,1.6942833927483854,pos
416,1627577853956564665,1.112002494689442,1.7142929919060776,pos
417,1627577853956564665,1.0789965878901828,1.7558280768092007,pos
418,1627577853956564665,1.1240975545941325,1.7169012140829691,pos
419,1627577853956564665,1.103465902114059,1.7037095147047838,pos
420,1627577853956564665,1.1744310028605471,1.8099269568260283,pos
421,1627577853956564665,1.0206987346117817,1.7132881216098743,pos
422,1627577853956564665,1.2288021580667776,1.7755633936872646,pos
423,1627577853956564665,1.0734391524392137,1.7242004348281523,pos
424,1627577853956564665,1.0378254945794987,1.6538268678563917,pos
425,1627577853956564665,0.8883302156421224,1.6344305237078804,pos
426,1627577855832945108,0.9388581574379793,1.7623942558574388,pos
427,1627577855832945108,1.0676485084495448,1.6874283013012514,pos
428,1627577856786902905,1.4309464015394535,1.5542310847591274,pos
429,1627577857713426352,1.0031121648845778,1.778339069964887,pos
430,1627577857713426352,0.9345065034471175,1.6113628297159848,pos
431,1627577857713426352,1.3637707545020281,1.9489378858956663,pos
432,1627577857713426352,0.9785574460696249,1.8350365014959185,pos
433,1627577857713426352,1.173763219384124,1.9302347073968262,pos
434,1627577857713426352,0.8254955028267741,1.515627407769016,pos
435,1627577859560692310,1.2055709438052438,1.9168881530817123,pos
436,1627577859560692310,1.296376622158043,1.9578846940580117,pos
437,1627577863528347731,0.8720278653851101,1.4972679988034927,pos
438,1627577864485897303,1.4052415785778793,1.8177846309549028,pos
439,1627577864984264612,0.9925317549709982,1.9267703880484564,pos
440,1627577864984264612,0.9756371559187718,1.9157981106335538,pos
441,1627577864984264612,0.9927621514660131,1.86187409951609,pos
442,1627577865448299646,0.8868483875545212,1.6212759802050631,pos
443,1627577865448299646,0.8464405309890921,1.250496027969629,pos
444,1627577865448299646,1.0196536586936773,1.69138195997547,pos
445,1627577866359681845,0.9845702100587098,1.9923697233028854,pos
446,1627577867772656202,0.8332470242532731,1.8293110810519588,pos
447,1627577867772656202,0.8999180490830986,1.5478384460671222,pos
448,1627577870927238703,0.9905928495738692,2.0763991300950426,pos
449,1627577870927238703,0.8877460303884831,2.082021412074153,pos
450,1627577870927238703,0.9688759758928553,2.0689816405475785,pos
451,1627577871473860741,1.284235374090516,1.7452326440403132,pos
452,1627577874389955759,0.8826733076310603,2.0241721181071837,pos
453,1627577874389955759,0.7182455258826975,1.7174078289068109,pos
454,1627577878066596031,1.0476490238547584,1.7831469010242842,pos
455,1627577878066596031,1.0269664772983802,1.736867898483438,pos
456,1627577878066596031,1.0825791424546265,1.8238767485018532,pos
457,1627577878066596031,0.6211574854631675,1.7585796154520972,pos
458,1627577878066596031,1.3350022082506252,1.9575328203954467,pos
459,1627577878066596031,1.2541804921150272,1.9015411466242407,pos
460,1627577878066596031,1.326249263220558,1.9602621524783168,pos
461,1627577879920702219,1.0893831439378705,1.891620553537644,pos
462,1627577879920702219,1.03998536632367,2.1307221509980265,pos
463,1627577879920702219,0.9289530336442766,1.7490668353951735,pos
464,1627577880434973478,1.1963105050663039,2.0814375123203686,pos
465,1627577880434973478,1.2242355491733492,2.0771747020793585,pos
466,1627577880434973478,1.1968245767660621,2.083485465732896,pos
467,1627577880434973478,1.1628873379066185,2.0344413329021904,pos
468,1627577880434973478,1.4214255742475785,2.0258360132805504,pos
469,1627577880434973478,1.6209439963545438,2.0341018232404187,pos
470,1627577880434973478,0.7920543547878348,1.8982627794191538,pos
471,1627577880434973478,1.0268654492975815,1.9939970733608632,pos
472,1627577880434973478,1.3843109405408067,2.067207883701399,pos
473,1627577880434973478,1.2102478124941425,1.9131222137164259,pos
474,1627577882250734806,0.7062860168484808,1.3024047325038057,pos
475,1627577882250734806,0.7088054596321725,1.1961670619358014,pos
476,1627577885403632641,1.238744740139168,2.003391894409845,pos
477,1627577885403632641,0.6817492326767753,1.661299240023602,pos
478,1627577885403632641,0.5713429811291159,1.6723675672857803,pos
479,1627577885403632641,1.3904658058389012,2.0641867264949543,pos
480,1627577885403632641,0.7752705359934338,1.5773561509234664,pos
481,1627577885403632641,1.2861809021721662,2.0336237213462316,pos
482,1627577885403632641,0.9047492387159229,1.814142219240313,pos
483,1627577885403632641,0.6093976384233878,1.5337574526098567,pos
484,1627577885403632641,0.8881971972856584,1.8338225491898204,pos
485,1627577885403632641,0.8607015656849605,1.7376250916761817,pos
486,1627577885403632641,1.3594330750082462,2.0039823541611415,pos
487,1627577885403632641,0.8831807367898029,1.8621935902512452,pos
488,1627577885403632641,0.7875252393987107,1.8315950997550712,pos
489,1627577885403632641,1.062023758686597,1.9130673767447595,pos
490,1627577885403632641,1.3574214857311915,1.9969639459160393,pos
491,1627577886786612749,0.6973216234731435,1.9718250972460991,pos
492,1627577886786612749,0.6532655441166666,1.867227687504014,pos
493,1627577886786612749,0.8275093792902813,2.1178532139895454,pos
494,1627577886786612749,0.7534903087723025,1.4942734409447371,pos
495,1627577892232180834,1.0671002836132868,1.7769339700273346,pos
496,1627577892232180834,1.1732109749561104,1.954801513892786,pos
497,1627577892232180834,1.1545196676325251,1.818960457692467,pos
498,1627577892707166195,0.8587114552979072,1.8912723171195136,pos
499,1627577893656781435,0.8861366164410641,1.3159397271604263,pos
500,1627577893656781435,0.8861366164410641,1.3159397271604263,pos
501,1627577985577909470,0.9204637032726786,1.5924355464929012,pos
502,1627577988328657389,0.9512839029789862,1.4170655054655066,pos
503,1627577988796036482,0.950672675306427,1.5600622516234914,pos
504,1627577991539590359,0.8880318756172625,1.836184039018228,pos
505,1627577991539590359,0.9335631932019021,1.9398240369612874,pos
506,1627577991539590359,0.9155426839334257,1.8525424936093287,pos
507,1627577991539590359,0.6884435420705383,1.062342060479796,pos
508,1627577991539590359,0.5903817474881391,1.5155165838524494,pos
509,1627577991539590359,0.9155426839334257,1.8525424936093287,pos
510,1627577991539590359,1.0399918517110436,1.6332914976791064,pos
511,1627577991539590359,0.9911404169352003,1.5097620732491217,pos
512,1627577991539590359,1.0002150595467354,1.5264707003398028,pos
513,1627577991539590359,1.313833568611707,1.7219181232438785,pos
514,1627577991539590359,0.7818065878895589,1.9723345746147989,pos
515,1627577991539590359,1.259926921077794,1.8007080743932151,pos
516,1627577991539590359,1.4327467811391477,1.6062320056049433,pos
517,1627577991539590359,0.5890097992855409,2.1575406696974038,pos
518,1627577991539590359,1.4500851895535212,1.5705727406287937,pos
519,1627577991539590359,0.5576849899812528,1.538932913314903,pos
520,1627577991539590359,1.4564049562102137,1.564760427958827,pos
521,1627577991539590359,0.5657682194966421,1.3544874325846394,pos
522,1627577992422498941,1.1082719049832626,1.824033967118327,pos
523,1627577993963245869,1.131698592577539,1.9350272868439675,pos
524,1627577993963245869,1.4310652516916549,1.9767735504281556,pos
525,1627577993963245869,1.1761186058833375,1.85856463480415,pos
526,1627577993963245869,1.3470471979034615,1.8164850392953025,pos
527,1627577993963245869,1.4241996773414904,2.027438411160262,pos
528,1627577993963245869,1.3373594943000229,1.8570081779793266,pos
529,1627577993963245869,1.294936494236076,1.8053186041756706,pos
530,1627577994433716536,1.1726660580436143,1.7758911480815205,pos
531,1627577994433716536,1.1984211283646464,1.7043065942841933,pos
532,1627577994433716536,1.091697075868798,1.800550896431191,pos
533,1627577994433716536,1.1180864448223231,1.7552110134488177,pos
534,1627577994433716536,1.2897573280618684,1.8297908443815982,pos
535,1627577994433716536,1.1935332377805357,1.7704490138393323,pos
536,1627577994433716536,1.1520103776867847,1.8311114091815979,pos
537,1627577994433716536,1.144838764473829,1.6749567962221898,pos
538,1627577994433716536,1.1896143981053124,1.7585309878838846,pos
539,1627577994433716536,1.2580341876419832,1.6433172304823864,pos
540,1627577994433716536,1.206013013262697,1.8892229766696975,pos
541,1627577994433716536,1.1373193893323121,1.7292690141871587,pos
542,1627577994433716536,1.1778262598164344,1.7590040743964088,pos
543,1627577994433716536,0.9983254982699573,1.7678782960639177,pos
544,1627577995859218597,1.0745291083737498,1.951112587079878,pos
545,1627577995859218597,1.0974132582969818,1.716690745126164,pos
546,1627577995859218597,0.9865217866245253,2.04440373031847,pos
547,1627577995859218597,0.9504341618372885,2.019824447149888,pos
548,1627577996355287790,0.9457545652732632,1.5626011169557537,pos
549,1627577996355287790,1.138215010746786,1.8313188393246957,pos
550,1627577996355287790,0.966921695719417,1.6201300775384977,pos
551,1627577996355287790,0.7972138511271327,1.264783349430301,pos
552,1627577996355287790,1.6241594797853744,2.031718308379672,pos
553,1627577996355287790,0.794145345898564,1.4496023107108311,pos
554,1627577996355287790,0.9529994087930574,1.2020153916162355,pos
555,1627577996355287790,1.0409341359860476,1.686906572388748,pos
556,1627577996355287790,0.984699591977792,1.5246483636551713,pos
557,1627577996860633850,0.7978335433507621,1.2891555151319483,pos
558,1627577996860633850,0.8124220616869985,1.2134739650219224,pos
559,1627578002549725533,0.8485560199619618,1.8821777441572833,pos
560,1627578003484289408,1.2536730589374863,1.9409536498140316,pos
561,1627578003484289408,1.3697444421540586,1.9963317040731405,pos
562,1627578003484289408,1.4315020204055877,1.9754172685748985,pos
563,1627578003484289408,1.3698251051301504,1.9977210766149305,pos
564,1627578003484289408,0.40226550024728774,1.6686054144910043,pos
565,1627578003484289408,1.4562742250307614,2.0407414028493296,pos
566,1627578003484289408,1.4457042902895703,1.991868803860956,pos
567,1627578003484289408,1.2797719483908094,1.9361405630664708,pos
568,1627578003484289408,1.3496368878647245,1.9910047498990109,pos
569,1627578003962002754,1.337677807175814,1.9001929719030268,pos
570,1627578003962002754,1.461874924602809,1.8405075838948397,pos
571,1627578004882225990,1.267439312900005,1.9230628567982762,pos
572,1627578004882225990,1.2570721597885064,1.9249747909294372,pos
573,1627578004882225990,1.0828461666032412,1.6482724171188186,pos
574,1627578007217680693,1.1456358665508728,1.7735307414545436,pos
575,1627578007217680693,1.1456358665508728,1.7735307414545436,pos
576,1627578007217680693,1.1744532187011598,1.7787806802553623,pos
577,1627578007217680693,1.121412576634637,1.7751364248855726,pos
578,1627578007684671402,1.0938561473716382,1.722763137496886,pos
579,1627578007684671402,1.1092042868009864,1.737578302616908,pos
580,1627578007684671402,1.0031777637759163,1.7226809595489045,pos
581,1627578007684671402,0.8949623884925939,1.6138473048579942,pos
582,1627578007684671402,0.87577790028035,1.6497783748812394,pos
583,1627578007684671402,1.041709209801271,1.6735227433348552,pos
584,1627578007684671402,1.0897813399449918,1.8962547526896543,pos
585,1627578007684671402,1.1656772540232982,1.738467643909158,pos
586,1627578007684671402,0.861257828726696,1.5054934218430354,pos
587,1627578009703482628,1.1299284612074583,1.6006625362308873,pos
588,1627578010168401241,1.1961236514853752,1.7804224352967086,pos
589,1627578010168401241,1.1862639451880168,1.7460267795457711,pos
590,1627578010168401241,1.2217323373962978,1.7468607410012194,pos
591,1627578010168401241,1.2391222351728455,1.825150831466686,pos
592,1627578010168401241,1.1272708379355039,1.7158456546867176,pos
593,1627578010168401241,1.2675607802269724,1.735732923647592,pos
594,1627578010168401241,1.350837922172141,1.7912514601617802,pos
595,1627578010168401241,1.1407681923166921,1.8298208179560886,pos
596,1627578010654201269,1.0228982839073621,1.610096098910847,pos
597,1627578010654201269,1.083305567868169,1.6309437003632634,pos
598,1627578010654201269,1.0749116238186278,1.6881853790922412,pos
599,1627578010654201269,1.1551417857667388,1.5421043667110734,pos
600,1627578010654201269,1.1640944697396047,1.6900032154696245,pos
601,1627578010654201269,1.0784549925101716,1.68962379785454,pos
602,1627578010654201269,1.0739320538976775,1.674750091190791,pos
603,1627578010654201269,1.1454661833789495,1.7198071245774078,pos
604,1627578011097852707,1.0771637115599269,1.901647682221114,pos
605,1627578011097852707,1.0646239187982154,1.9681351323003027,pos
606,1627578011097852707,1.2659841215860057,2.033540332973702,pos
607,1627578011097852707,1.0503544846204471,1.8945434126717453,pos
608,1627578011097852707,0.9317347731071571,1.8460405967302405,pos
609,1627578011097852707,1.238485976986541,2.050423838215652,pos
610,1627578011097852707,0.9218210687950862,1.845922695692333,pos
611,1627578011097852707,1.002949549804404,1.8632993285850756,pos
612,1627578011097852707,1.0519195474241683,1.9167394573354668,pos
613,1627578011097852707,1.2910382329688996,1.9798739506612766,pos
614,1627578013003094196,0.9908543436936745,1.4089468930187827,pos
615,1627578013003094196,1.208179703483501,1.8127066886146035,pos
616,1627578015320935011,1.4737063003021937,2.100015083675256,pos
617,1627578015320935011,1.5999079401107754,1.9681614148126152,pos
618,1627578018651966095,1.0778028621003124,1.711888640067474,pos
619,1627578018651966095,1.5345511566690555,1.8632911267841947,pos
620,1627578019662267208,0.860208601276322,1.4855338093518755,pos
621,1627578021073527336,1.4644593945117055,1.545091633402182,pos
622,1627578021073527336,1.4701335640454614,1.5839603502476138,pos
623,1627578022881261826,0.817625919859365,1.2908508392554967,pos
624,1627578023362522125,1.0926611333679455,2.1312487570131498,pos
625,1627578023843898773,1.369541666156608,1.9068063468001428,pos
626,1627578023843898773,1.369541666156608,1.9068063468001428,pos
627,1627578026223906994,0.9301996063996949,1.955062505773338,pos
628,1627578026223906994,0.9301996063996949,1.955062505773338,pos
629,1627578026762771130,0.7694708131791933,1.7347025254355586,pos
630,1627578026762771130,1.2959364085214684,1.9341316137497908,pos
631,1627578029697520733,1.1868325930763868,1.8099219794713823,pos
632,1627578029697520733,1.3997375489262718,1.8650718706770757,pos
633,1627578034041301727,1.0390998627841093,1.5909484580892086,pos
634,1627578034990906715,0.8154865501430834,1.761133357510072,pos
635,1627578034990906715,0.8450238206249144,1.9146593437527264,pos
636,1627578034990906715,1.497457452530839,1.9137575074938802,pos
637,1627578035932074785,0.8619613533944508,1.798509782326378,pos
638,1627578035932074785,0.818590191024804,1.9177629234862221,pos
639,1627578035932074785,0.8777038514260933,1.7741755156936725,pos
640,1627578035932074785,0.923074927915393,1.7320662815013093,pos
641,1627578035932074785,0.818590191024804,1.9177629234862221,pos
642,1627578038312597513,1.2749307526840619,1.8176125218107144,pos
643,1627578038795510769,1.5070718200962394,2.0667528281199083,pos
644,1627578038795510769,1.5070718200962394,2.0667528281199083,pos
645,1627578038795510769,1.6380579401434991,2.011675309854994,pos
646,1627578039233735323,1.085052132785325,1.9290306121100693,pos
647,1627578039233735323,1.0775471026190202,1.9060840181624716,pos
648,1627578039233735323,1.2390474610942483,1.9627747931493957,pos
649,1627578039233735323,1.1346657947643315,1.9270313765501301,pos
650,1627578039233735323,0.7591805348491659,1.6038145756618227,pos
651,1627578039233735323,1.3205957417703704,2.0875190938149863,pos
652,1627578039233735323,1.5388812441167705,2.094421605282992,pos
653,1627578039233735323,1.1588863201607502,1.9568347493920593,pos
654,1627578039233735323,1.3107457385694479,2.0588152782410463,pos
655,1627578039233735323,1.0580516652934406,1.9499079544445177,pos
656,1627578039233735323,1.2856994624217932,2.1135216975028226,pos
657,1627578039233735323,1.2985804626634112,2.075607733058685,pos
658,1627578039233735323,1.1466899353807665,1.9833893864244658,pos
659,1627578039233735323,1.251054450848812,2.037231740737734,pos
660,1627578039233735323,1.0742090373947923,1.9789930124100887,pos
661,1627578039233735323,1.3926882333947006,1.9966863354790454,pos
662,1627578039233735323,1.1766550965135634,1.9935633335238854,pos
663,1627578039233735323,1.2863281725934126,1.9845954196595839,pos
664,1627578039233735323,1.465841684165784,1.982615642277317,pos
665,1627578041568050385,0.9649328518128295,1.933125633433438,pos
666,1627578042502190113,1.3526681629943085,2.157457371433974,pos
667,1627578044380730629,0.9717104866778297,1.5981152223394892,pos
668,1627578046364228964,1.0776484714515302,1.4928189703410475,pos
669,1627578046798470020,0.9005268603222146,1.288969044540856,pos
670,1627578046798470020,1.0256954238268228,1.7212573716805848,pos
671,1627578048687674761,1.1506733635537865,1.8596590750607338,pos
672,1627578048687674761,1.1068492594229484,1.914070493204169,pos
673,1627578055526277304,0.6189344674065087,1.6201411847578773,pos
674,1627578055526277304,0.7015339492551582,1.2939643092237418,pos
675,1627578055526277304,0.7688294960896066,1.4369987835329223,pos
676,1627578055526277304,0.6546940186551341,1.635763751946774,pos
677,1627578055526277304,0.6884882110732392,1.4858785060042312,pos
678,1627578055526277304,0.6558130360281749,1.6312354206255268,pos
679,1627578055526277304,0.6432392687349536,1.6012622660108533,pos
680,1627578055526277304,0.5489638601646804,1.7476003951660803,pos
681,1627578055526277304,0.654952674448061,1.7018553539696495,pos
682,1627578055526277304,0.8958872099506621,0.990203482655535,pos
683,1627578055526277304,0.714307070461123,1.3835240318433313,pos
684,1627578055526277304,0.6359543469778736,1.456432370606924,pos
685,1627578055526277304,0.6436417977230413,1.6773035576437425,pos
686,1627578055526277304,0.6834162366009966,1.673554007884437,pos
687,1627578055526277304,0.731932549357927,1.6287155018607373,pos
688,1627578146556628942,0.7329278969567573,1.413546775403475,pos
689,1627578146556628942,0.7417035544824571,1.3820178459915016,pos
690,1627578146966057062,0.8543506864090562,1.1515602484939766,pos
691,1627578151042870760,1.1780464672345363,1.8152519373215676,pos
692,1627578152843434811,1.1436220274646405,1.9004034227916815,pos
693,1627578152843434811,1.1786872273017939,1.9067166415630676,pos
694,1627578152843434811,1.0807535245701434,1.757988483054037,pos
695,1627578152843434811,1.2308366587150474,1.9185001892817375,pos
696,1627578152843434811,1.1702494355934756,1.8642996169331907,pos
697,1627578152843434811,1.2736446292556651,1.8381455882026787,pos
698,1627578152843434811,1.3078532235421496,1.905693780210212,pos
699,1627578152843434811,1.210074254486695,1.877866915261489,pos
700,1627578152843434811,1.1092122099677437,1.7175880554684915,pos
701,1627578152843434811,1.150377173127186,1.855041888999127,pos
702,1627578152843434811,1.148399634471686,1.7538554399264792,pos
703,1627578152843434811,0.9717807124474634,1.4494187714045443,pos
704,1627578152843434811,1.1591207848949148,1.7360232280261325,pos
705,1627578152843434811,1.1647680411893775,1.7628490969231394,pos
706,1627578152843434811,1.2556321854368624,1.7281909571531404,pos
707,1627578152843434811,1.1972828471976875,1.8778772637258305,pos
708,1627578153279530764,1.0663086427926955,1.5688567230443082,pos
709,1627578153279530764,1.0663086427926955,1.5688567230443082,pos
710,1627578153279530764,0.8881308211567266,2.0511633461318795,pos
711,1627578153279530764,1.062441062198139,1.7161427419624276,pos
712,1627578153279530764,1.0663086427926955,1.5688567230443082,pos
713,1627578153279530764,0.975150883322578,1.8046389002043903,pos
714,1627578153667775154,0.850571733731445,1.6244665837113692,pos
715,1627578153667775154,0.8381751802806363,1.2213200284165375,pos
716,1627578155412613392,1.1288353130894686,1.8577204971016361,pos
717,1627578155412613392,1.1138995207486446,1.8662606949357123,pos
718,1627578155412613392,1.1325368516308074,1.8549721466379208,pos
719,1627578158431557178,1.1431216576300203,1.6979306999234556,pos
720,1627578159345132589,0.9865228934528607,1.6369819886576589,pos
721,1627578159345132589,0.9865228934528607,1.6369819886576589,pos
722,1627578159345132589,0.9979976568972585,1.6980831421822555,pos
723,1627578159345132589,1.0954973305958016,1.4849243512269539,pos
724,1627578159793516636,0.9357523629116349,1.6322444333228348,pos
725,1627578159793516636,0.9614169050873094,1.6371003471995096,pos
726,1627578159793516636,1.124715040032222,1.6029030649624436,pos
727,1627578159793516636,1.1214831040911686,1.6379963260342414,pos
728,1627578159793516636,1.121344341209592,1.5963496625803717,pos
729,1627578159793516636,0.7704193424567989,1.931531279523609,pos
730,1627578159793516636,1.1203567047361067,1.6261640249019662,pos
731,1627578159793516636,1.0585862042571523,1.553045933565764,pos
732,1627578159793516636,0.9730698090986399,1.6916288044638976,pos
733,1627578159793516636,1.2794271120029495,1.5876007747522323,pos
734,1627578159793516636,1.1573851349780215,1.6296039493009402,pos
735,1627578159793516636,1.3990664457674284,1.4563277076023513,pos
736,1627578159793516636,1.0427230498451696,1.5078243474919215,pos
737,1627578159793516636,1.1706327933185559,1.6197881056149426,pos
738,1627578159793516636,1.324493066378148,1.169623961988135,pos
739,1627578159793516636,1.052551126198694,1.7758257455854833,pos
740,1627578159793516636,1.1586634300866767,1.7604462196248392,pos
741,1627578162400179625,1.0345762067937223,1.8623935988511227,pos
742,1627578162400179625,1.0865795395595568,1.800363480154978,pos
743,1627578162400179625,1.0874024355677883,1.8410145086416296,pos
744,1627578162400179625,1.1105402809479958,1.8799225658892942,pos
745,1627578162400179625,1.1033123775387204,1.8374513852349585,pos
746,1627578162400179625,1.1905384163322932,2.0375458093363923,pos
747,1627578162400179625,1.008273872712205,1.8871859389931493,pos
748,1627578162891649008,0.9710460471736271,1.92155151778197,pos
749,1627578162891649008,0.9780679601030662,1.8522024598594147,pos
750,1627578162891649008,0.9780679601030662,1.8522024598594147,pos
751,1627578162891649008,0.8171588922697559,1.9010595613640617,pos
752,1627578162891649008,1.073142671700686,1.8885395847163247,pos
753,1627578163355392218,1.568427012313592,1.0365328028317784,pos
754,1627578163355392218,0.9461260214537405,1.4945835135087664,pos
755,1627578163355392218,1.0405427411138206,1.3275485889639338,pos
756,1627578163355392218,1.0467307806926172,1.4647374970524838,pos
757,1627578163355392218,1.1161956993931939,1.222118722913101,pos
758,1627578163355392218,1.079580597703817,1.2717631508564697,pos
759,1627578163355392218,0.9641918900694201,1.5297390959074995,pos
760,1627578163355392218,0.9517527292082644,1.54930423036946,pos
761,1627578163355392218,1.0381087628732708,1.330840902669937,pos
762,1627578163355392218,0.9982314110892996,1.5005226596985954,pos
763,1627578163355392218,1.0110669656184001,1.418036910574684,pos
764,1627578163355392218,0.8954341919617966,1.493425837574064,pos
765,1627578163866318226,1.0028313040849286,1.8021718053671116,pos
766,1627578163866318226,1.0419072040493957,1.752730624242334,pos
767,1627578163866318226,1.079028597653969,1.7334815178092258,pos
768,1627578163866318226,1.2184486073623244,1.7825600478569603,pos
769,1627578163866318226,1.030198241050947,1.6946198685826555,pos
770,1627578163866318226,1.1561308046547902,1.8245631415827666,pos
771,1627578163866318226,1.1580360419570377,1.871761154704084,pos
772,1627578163866318226,1.1941343078278512,1.811329078033581,pos
773,1627578163866318226,1.04767797637395,1.8797840236439702,pos
774,1627578163866318226,1.1538377846193049,1.7225249413965074,pos
775,1627578163866318226,1.0491589571654798,1.6086506630179944,pos
776,1627578164837148190,1.2047373224516178,1.7102099263766835,pos
777,1627578164837148190,1.0946397144552658,1.593563756760266,pos
778,1627578164837148190,1.0715312620768915,1.77836408183549,pos
779,1627578164837148190,0.7835752544741146,1.5522914813261564,pos
780,1627578164837148190,0.8275502520008609,1.6200665172760034,pos
781,1627578164837148190,0.8277042802967154,1.8911327617031566,pos
782,1627578164837148190,0.8031321610378194,1.8471460791420502,pos
783,1627578164837148190,1.020735323508237,1.9791062538503021,pos
784,1627578165308147669,0.7942294176736698,1.1636486023751154,pos
785,1627578165308147669,0.9595568118251896,1.73092920239694,pos
786,1627578165308147669,1.0093900438162071,1.0354145084194184,pos
787,1627578165308147669,1.3001892931843457,2.1321768158479455,pos
788,1627578165308147669,1.0596171374228016,1.8458892655986934,pos
789,1627578165308147669,0.9743362378973761,1.8331872156899256,pos
790,1627578165308147669,0.8862217660307402,2.1567739368570056,pos
791,1627578165308147669,1.3694102674136663,2.0470445799537216,pos
792,1627578165308147669,1.4150670277787905,2.0514689955972374,pos
793,1627578165308147669,1.4144291136507223,2.088375127610216,pos
794,1627578165308147669,1.3006416629812025,2.052656212422124,pos
795,1627578165308147669,1.3148428041150853,2.031266084211051,pos
796,1627578165308147669,1.3618442988115844,2.0699641118656245,pos
797,1627578165308147669,1.6422938027120348,2.1162309675334696,pos
798,1627578165308147669,1.3929781937935142,2.080062993225242,pos
799,1627578165308147669,1.561734952622665,2.1048874340235293,pos
800,1627578165308147669,1.5743642918792609,2.1135384072274648,pos
801,1627578165308147669,1.4220423090874819,2.085557502741929,pos
802,1627578165820155859,0.9337610738786609,1.3793586902211987,pos
803,1627578165820155859,0.8979327368589848,1.482479794841734,pos
804,1627578165820155859,0.9640927295404398,1.3768276100169519,pos
805,1627578165820155859,0.8920958462590968,1.439555402826419,pos
806,1627578165820155859,0.7975477631005727,1.6769287256727805,pos
807,1627578165820155859,0.8846780006018155,1.5127700657402519,pos
808,1627578165820155859,0.7851080756805916,1.580593762951976,pos
809,1627578165820155859,1.0198548810095573,1.3702385769159116,pos
810,1627578165820155859,0.9675314037829329,1.3547685767712505,pos
811,1627578165820155859,0.8511976378740448,1.4935953849685872,pos
812,1627578165820155859,0.9684633495497189,1.4976055466108438,pos
813,1627578165820155859,0.8947535041940051,1.411054256335529,pos
814,1627578165820155859,0.983753675405781,1.3454609281219843,pos
815,1627578165820155859,1.0031436061885624,1.2761320096226318,pos
816,1627578166707276106,0.9481808751855693,2.024178516207484,pos
817,1627578166707276106,1.0626217320825202,1.9556849126917049,pos
818,1627578167627513885,1.178714581190798,2.176534535925977,pos
819,1627578168174077988,1.047390345573393,2.005274554786577,pos
820,1627578168174077988,0.9941859751877793,2.0237004146337063,pos
821,1627578169069777489,1.1445912856648306,1.829559070941375,pos
822,1627578169069777489,1.2287033813735893,1.9289192311924237,pos
823,1627578169069777489,1.0710073079840605,1.7413603823642796,pos
824,1627578170015636921,0.9119659520232677,2.0669526083863587,pos
825,1627578170015636921,0.8740819924819395,1.9621371815641195,pos
826,1627578172056742430,0.9835023685939072,1.704523983059558,pos
827,1627578172056742430,1.053017019364816,1.8327922423154919,pos
828,1627578172443260670,1.2958490640093068,1.8368591246000714,pos
829,1627578172443260670,1.2672620822744585,1.8291180858934342,pos
830,1627578172443260670,1.0445467607009384,1.6668459001776204,pos
831,1627578172443260670,1.1050243659401644,1.7475573703217053,pos
832,1627578173796724319,0.9867844385986047,1.6379896100264624,pos
833,1627578175781430483,1.3568347950942132,2.026123453037722,pos
834,1627578176265521526,0.9193631165353552,1.799467775266595,pos
835,1627578176265521526,0.852599280434424,1.7377674162796377,pos
836,1627578176265521526,0.9285854570096266,1.8631719750596547,pos
837,1627578176265521526,0.8958624994190251,1.7499343126614484,pos
838,1627578176265521526,0.9316035317745317,1.783225222326587,pos
839,1627578176265521526,0.9612261576664552,1.856079079203445,pos
840,1627578176265521526,0.9934269188220395,1.794933856978096,pos
841,1627578176265521526,0.8406067775319404,1.9080475378475703,pos
842,1627578177193640709,1.064652024669729,1.5453268832283462,pos
843,1627578181246040106,0.8922635726097192,2.000898308673661,pos
844,1627578181246040106,0.9003974037106882,2.058270962451007,pos
845,1627578183080713272,1.2627462835774987,1.9802423834488787,pos
846,1627578183080713272,1.5371709743624886,1.2057984884089072,pos
847,1627578183080713272,1.195109635687504,1.919148724593719,pos
848,1627578183473859310,1.2064913533847574,1.995814052136686,pos
849,1627578184407990217,0.9752247212259199,1.8691791776538929,pos
850,1627578185327265263,0.9874235400087072,1.7541043615740568,pos
851,1627578185327265263,1.1621895120836294,1.8268722950972784,pos
852,1627578185327265263,1.1175741826787893,1.8012010207658544,pos
853,1627578185327265263,1.1265188612509143,1.7711285804278738,pos
854,1627578185327265263,1.1855157341838118,1.7962846925998983,pos
855,1627578185327265263,1.0280145498673936,1.7177260759477844,pos
856,1627578185327265263,1.0113764638315017,1.7606279610043856,pos
857,1627578186707645416,0.8734312278762043,1.9493252636269747,pos
858,1627578188080504894,1.0740378366200714,1.7885864913710265,pos
859,1627578188080504894,1.0875641778157952,1.748386619893494,pos
860,1627578188080504894,1.0823533464451867,1.7979770367635635,pos
861,1627578188080504894,1.0694690971403307,1.8338690182044786,pos
862,1627578188976543188,1.2765718090613172,1.3869046862042071,pos
863,1627578188976543188,1.2682462903304461,1.3204598938892202,pos
864,1627578188976543188,1.1909773909316013,1.4184366210132549,pos
865,1627578188976543188,1.4524269669638121,1.2401572940418568,pos
866,1627578188976543188,1.2492206977689881,1.2839239179250417,pos
867,1627578188976543188,1.2077933203585511,1.3199646276797032,pos
868,1627578188976543188,1.2226889930225502,1.3659625765946453,pos
869,1627578188976543188,1.1735078791444657,1.4765259348845154,pos
870,1627578188976543188,1.3474205717210093,1.2950649837886683,pos
871,1627578188976543188,1.3036958556436873,1.256914221148751,pos
872,1627578188976543188,1.3347661375398572,1.2478787059800074,pos
873,1627578188976543188,1.3123272309071312,1.3454291787915944,pos
874,1627578188976543188,1.186181016947683,1.251282595132754,pos
875,1627578188976543188,1.1804281693909022,1.4763140748535875,pos
876,1627578188976543188,1.2594294940434976,1.389163724597352,pos
877,1627578189393991947,1.321679126512827,1.7388415828824175,pos
878,1627578189393991947,1.2654190441603723,1.662567549562183,pos
879,1627578189393991947,1.375997325185122,1.8110137419323147,pos
880,1627578189393991947,1.3555865843994421,1.3660165626376528,pos
881,1627578189393991947,1.3217511665698394,1.69001826030817,pos
882,1627578189393991947,1.2837467214094471,1.6125417744687311,pos
883,1627578189393991947,1.2315410459245,1.5820043138327033,pos
884,1627578189393991947,1.231634362691921,1.7434180900013205,pos
885,1627578189393991947,1.2759643058820247,1.777361125167161,pos
886,1627578189393991947,1.3004726155460005,1.700297368784767,pos
887,1627578189393991947,1.3894273273295517,1.7987981223293732,pos
888,1627578189393991947,1.3685252475484517,1.7639831899218632,pos
889,1627578189393991947,1.3530992722636515,1.6706026484866368,pos
890,1627578189393991947,1.2832251102360859,1.5218684249835457,pos
891,1627578189393991947,1.2624621207186406,1.6062383819676849,pos
892,1627578189875439167,1.1223509147423896,1.7837406750349105,pos
893,1627578189875439167,1.1726917880324506,1.846084906947354,pos
894,1627578189875439167,0.933668672159935,2.109094269670332,pos
895,1627578189875439167,1.3189233865653616,1.887961665442539,pos
896,1627578189875439167,1.1206393255437415,1.7962394904426864,pos
897,1627578189875439167,1.2054342538122025,1.8331626626570832,pos
898,1627578189875439167,1.1235527998574302,1.8596954283847287,pos
899,1627578189875439167,1.279429969688446,1.8684039782071056,pos
900,1627578189875439167,1.1973795102219347,1.7219736267005006,pos
901,1627578189875439167,1.2275051254992677,1.7416678598918007,pos
902,1627578189875439167,1.298437211380575,1.880860299244487,pos
903,1627578189875439167,1.3058491256521827,1.7152525353706047,pos
904,1627578189875439167,1.3064663526617208,1.8323503888272705,pos
905,1627578189875439167,1.1330976744516574,1.6659525744308352,pos
906,1627578189875439167,1.2231774678500358,1.5347509089924007,pos
907,1627578189875439167,1.0986384377394758,1.5698459011335992,pos
908,1627578189875439167,1.1009515111570602,1.6363509036578754,pos
909,1627578190275776625,0.9439529032859779,1.8510838641907037,pos
910,1627578190275776625,0.9207299039610789,1.8608757880734341,pos
911,1627578190275776625,1.064748760896099,1.8958849471181418,pos
912,1627578190275776625,0.8665454330033853,1.0708803010270054,pos
913,1627578190275776625,1.064748760896099,1.8958849471181418,pos
914,1627578190275776625,1.1654028637779492,1.8674725242138863,pos
915,1627578190275776625,1.1654028637779492,1.8674725242138863,pos
916,1627578190275776625,1.0019906935093612,2.0163622361121707,pos
917,1627578190275776625,0.999655147505788,1.8089867220660207,pos
918,1627578190275776625,0.9656080359180423,1.8762721776208466,pos
919,1627578190275776625,1.0229026349371377,1.8827239314303046,pos
920,1627578190275776625,1.2126337023375315,1.9650312508754169,pos
921,1627578190275776625,1.1621256672910898,1.9271124842248193,pos
922,1627578190275776625,1.240892289063583,2.003088694912538,pos
923,1627578190275776625,1.29086907251703,2.0114756276076378,pos
924,1627578190275776625,1.1610446283835534,1.9626057870940885,pos
925,1627578190275776625,1.1653808643297552,1.9163718358221813,pos
926,1627578190275776625,1.360651437873132,2.0676043918722775,pos
927,1627578190275776625,1.142939242666771,1.914803143724627,pos
928,1627578191281512976,1.0580552107815056,1.5436963362639864,pos
929,1627578191281512976,1.0580552107815056,1.5436963362639864,pos
930,1627578192214814663,1.0412940625249092,2.1031673710126557,pos
931,1627578193631989479,0.8749995784638205,1.5914202608930252,pos
932,1627578194133661032,0.8362944617892462,1.8358440337114281,pos
933,1627578194608022213,0.8528468454266241,1.4158009033969317,pos
934,1627578196119070292,0.8982161883017955,1.4204479524783866,pos
935,1627578197437514067,1.67416054583816,2.1631843442843337,pos
936,1627578197437514067,1.54883794858255,2.1347466973531106,pos
937,1627578197437514067,0.9171685656926333,1.955221455309472,pos
938,1627578197437514067,1.6738100610066862,2.1649750053841,pos
939,1627578200211431503,1.23214570959263,1.8407319910800892,pos
940,1627578200211431503,1.0931028160198195,1.813887211118167,pos
941,1627578203508283854,0.8631553074873184,1.6012317542902377,pos
942,1627578203508283854,0.8975543762430981,1.5013451630249852,pos
943,1627578203508283854,0.9805459849225915,1.3358657235844493,pos
944,1627578203508283854,0.8902056953337382,1.9500038706438851,pos
945,1627578203508283854,0.8891352574522331,1.9197527679625066,pos
946,1627578204360533714,1.3262363577921874,2.1543360976025068,pos
947,1627578204360533714,1.062461177900851,1.6117283969755467,pos
948,1627578204776376247,1.3588463346922384,1.7461199051259684,pos
949,1627578204776376247,1.1769060230939596,1.9279103138060774,pos
950,1627578247998973131,1.3150656225624955,1.8905764879149556,pos
951,1627578247998973131,1.2551353235389273,1.9062693249227092,pos
952,1627578248472927332,1.2197855667822985,1.863049373937014,pos
